INSERT INTO campusshop.area (area_name,area_description,priority,create_time,last_edit_time) VALUES
	 ('东苑','东苑',12,'2017-06-04 19:12:58','2017-06-04 19:12:58'),
	 ('南苑','南苑',10,'2017-06-04 19:13:09','2017-06-04 19:13:09'),
	 ('西苑','西苑',9,'2017-06-04 19:13:18','2017-06-04 19:13:18'),
	 ('北苑','北苑',7,'2017-06-04 19:13:29','2017-06-04 19:13:29');INSERT INTO campusshop.comment (user_id,shop_id,detail,create_time) VALUES
	 (13,30,'<p>哈哈颂</p>','2022-04-09 07:50:16'),
	 (13,32,'<p>很好<img src="http://img.t.sinajs.cn/t4/appstyle/expression/ext/normal/50/pcmoren_huaixiao_org.png" alt="[坏笑]" data-w-e="1"></p>','2022-04-14 17:40:18'),
	 (13,32,'<p>呃呃呃</p>','2022-04-14 17:44:46'),
	 (13,32,'<p>呃呃呃</p>','2022-04-14 17:53:54'),
	 (13,32,'<p>还远</p>','2022-04-14 17:54:08'),
	 (13,32,'<p>阿</p>','2022-04-14 17:55:14'),
	 (13,32,'<p>测试</p>','2022-04-14 17:55:43'),
	 (13,32,'<p>测试</p>','2022-04-14 18:04:35'),
	 (13,32,'<p>删除评论</p>','2022-04-14 18:11:07'),
	 (13,32,'<p>是的是的</p>','2022-04-14 18:13:48');
INSERT INTO campusshop.comment (user_id,shop_id,detail,create_time) VALUES
	 (13,32,'<p>111</p>','2022-04-14 18:16:27'),
	 (13,32,'<p>评论</p><p><br></p>','2022-04-14 18:18:31'),
	 (13,32,'<p>435</p>','2022-04-14 18:22:26'),
	 (13,32,'<p>000</p>','2022-04-14 18:23:19'),
	 (13,32,'<p>000</p>','2022-04-14 18:23:24'),
	 (13,32,'<p>000</p>','2022-04-14 18:23:45'),
	 (17,33,'<p>真的很不错</p>','2022-04-15 15:04:36'),
	 (17,33,'<p>已入职大厂</p>','2022-04-15 15:04:49'),
	 (17,33,'<p>推荐推荐</p>','2022-04-15 15:05:00'),
	 (17,33,'<p>推荐<img src="http://img.t.sinajs.cn/t4/appstyle/expression/ext/normal/40/pcmoren_tian_org.png" alt="[舔屏]" data-w-e="1">推荐</p>','2022-04-15 15:05:07');
INSERT INTO campusshop.comment (user_id,shop_id,detail,create_time) VALUES
	 (17,33,'<p>真的很不错</p>','2022-04-15 15:05:18'),
	 (20,35,'<p><img src="http://img.t.sinajs.cn/t35/style/images/common/face/ext/normal/bc/otm_thumb.gif" alt="[奥特曼]" data-w-e="1"><br></p>','2022-04-15 15:37:30'),
	 (20,35,'<p><img src="http://img.t.sinajs.cn/t4/appstyle/expression/ext/normal/0b/tootha_org.gif" alt="[嘻嘻]" data-w-e="1"><br></p>','2022-04-15 15:37:40'),
	 (20,35,'<p>好玩的</p>','2022-04-15 15:38:13');INSERT INTO campusshop.headline (name,linked,picture,priority,status,create_time,last_edit_time,uuid) VALUES
	 ('变废为宝','/frontShop/shop?shopId=30','upload\\thumbnail\\shop\\30\\164947543266112269.jpg',12,1,'2022-04-13 11:35:00','2022-04-15 15:00:00','a3343482427947499a0f484fc0552219'),
	 ('蜜雪冰城','/frontShop/shop?shopId=29','upload\\thumbnail\\shop\\29\\164560399256480119.jpg',63,1,'2022-04-13 11:35:00','2022-04-15 15:00:00','1983330ef3f04ba0bf90f326d045f86c'),
	 ('租手机','/frontShop/shop?shopId=31','upload\\thumbnail\\shop\\31\\164982065087657397.jpg',12,1,'2022-04-13 11:35:00','2022-04-15 15:00:00','fd423835088541258dbb5680436dcee8'),
	 ('java大师','/frontShop/shop?shopId=33','upload\\thumbnail\\shop\\33\\164982076917657247.jpg',9,1,'2022-04-13 11:35:00','2022-04-15 15:00:00','2fa249cbbfe2449f98b6a2e5517cfd2a'),
	 ('秀发小店','/frontShop/shop?shopId=32','upload\\thumbnail\\shop\\32\\164982070657482449.jpg',46,1,'2022-04-13 11:35:00','2022-04-15 15:00:00','c29ccd0b491446358bacba39801887eb'),
	 ('test1','headtitle/2017061320315746624.jpg','headtitle/2017061320315746624.jpg',1,1,'2021-03-04 19:18:33','2021-03-04 19:18:35','42627666b7454e96bdf7c1c5737770a7'),
	 ('test2','headtitle/2017061320371786788.jpg','headtitle/2017061320371786788.jpg',2,1,'2021-03-04 19:43:58','2021-03-04 19:44:00','8546c66f42094c33866c47d77de51e7a'),
	 (NULL,'headtitle/2017061320393452772.jpg','headtitle/2017061320393452772.jpg',3,1,'2021-03-04 19:45:02','2021-03-04 19:45:00','78807e7c4a71434da3cfbdb73edc32be'),
	 (NULL,'headtitle/2017061320400198256.jpg','headtitle/2017061320400198256.jpg',4,1,'2021-03-04 19:45:03','2021-03-04 19:45:02','240c4db091c14b499f6e53462aa6048c');INSERT INTO campusshop.local_account (user_id,username,password,create_time,last_edit_time) VALUES
	 (1,'admin_one','$apr1$456$iNUomGfKVW8AXA0SFWI4k1','2021-03-04 17:54:26','2021-03-04 17:54:33'),
	 (12,'fanchenshop','$apr1$123456$Oayh418mfUbuTUGloOnT50','2021-03-04 09:51:14','2021-03-04 09:51:14'),
	 (13,'test_one','$apr1$123$pSVq0C1qlXJwF8nS7Uifi.','2022-02-21 09:04:50','2022-02-21 09:04:50'),
	 (14,'shop_one','$apr1$123$gWhMEcmJjkqyK8GYPr9HY1','2022-02-21 09:13:18','2022-02-21 09:13:18'),
	 (15,'shop_two','$apr1$123$caECjjjXq.4kYdNhpmLPh0','2022-04-09 04:21:21','2022-04-09 04:21:21'),
	 (16,'shop_three','$apr1$123$83/GP/N.FOgBJrEFazYbb0','2022-04-09 04:21:46','2022-04-09 04:21:46'),
	 (17,'test_two','$apr1$123$My8F/T5C8Y6.YRNLlfwDn0','2022-04-09 04:22:12','2022-04-09 04:22:12'),
	 (18,'test_three','$apr1$123$LSoqZBqzgOIt4GgnApoI8/','2022-04-13 15:34:37','2022-04-13 15:34:37'),
	 (19,'test_four','$apr1$123$0VvSwH/mRrzGeWsr3DZcL.','2022-04-15 15:06:17','2022-04-15 15:06:17'),
	 (20,'test_five','$apr1$123$SwACaPS/2HEh33t7gcr580','2022-04-15 15:06:33','2022-04-15 15:06:33');INSERT INTO campusshop.order_form (order_id,user_id,product_id,shop_id,order_username,order_phone,order_address,order_user_remark,order_shop_remark,order_status,create_time,last_edit_time) VALUES
	 ('0b98ba69ad5f49599d3b6be21b925e03',13,15,29,'而皇太后','13144143341434','北京 北京市 东城区 hut6栋111','','',1,'2022-04-14 15:40:05','2022-04-14 17:33:10'),
	 ('0fcb94d741484ae5a65f85d985a90e0c',17,15,29,'防御','578990','北京 北京市 东城区 hut123','',NULL,3,'2022-04-14 15:21:48','2022-04-14 16:04:29'),
	 ('33edbaf9a58c43a49aa3accdd97cd448',13,15,29,'小美','19312344321','辽宁省 沈阳市 和平区 hut6栋111','',NULL,0,'2022-04-14 14:48:37','2022-04-14 14:48:37'),
	 ('35f5b716f99b497c8c439aa96be4cd59',17,15,29,'刚子','19958585858','安徽省 合肥市 瑶海区 hut456','',NULL,3,'2022-04-14 14:42:21','2022-04-14 16:06:01'),
	 ('39d1d7f055124f35810301e944037f97',17,15,29,'小刚','15634566543','海南省 海口市 秀英区 hut456','',NULL,3,'2022-04-14 14:55:24','2022-04-14 16:09:57'),
	 ('41b3a0fe9acd4de6a6fcc1dc50128a55',13,15,29,'小美','1387343210','湖南省 株洲市 天元区 hut 6栋223','','',3,'2022-03-19 09:45:18','2022-04-10 06:54:27'),
	 ('4acd8cd4b78a41409aab143651f74783',17,15,29,'小刚','15634566543','海南省 海口市 秀英区 hut456','',NULL,3,'2022-04-14 14:56:37','2022-04-14 16:20:28'),
	 ('4fde08490d3b479d9f783a3f4e17693e',13,15,29,'2132321','1212121','北京 北京市 东城区 hut6栋111','','',2,'2022-04-14 15:41:14','2022-04-14 16:35:10'),
	 ('6500975489c74dbca2279d6588fff08c',17,17,32,'下单','1321234323','内蒙古自治区 呼和浩特市 新城区 hut456','',NULL,3,'2022-04-14 16:11:31','2022-04-14 16:14:34'),
	 ('7831cd4fa79f40599ac9fde573b89066',13,15,29,'小美','1387343210','湖南省 株洲市 天元区 hut 6栋223','快点送到','',1,'2022-03-19 09:44:38','2022-04-10 04:57:47');
INSERT INTO campusshop.order_form (order_id,user_id,product_id,shop_id,order_username,order_phone,order_address,order_user_remark,order_shop_remark,order_status,create_time,last_edit_time) VALUES
	 ('8b08454d726b4a39910f2e326f306de7',17,15,29,'刚子','19958585858','安徽省 合肥市 瑶海区 hut456','',NULL,3,'2022-04-14 14:45:33','2022-04-14 16:20:16'),
	 ('8fdb4d627ae74e0bbd8409321121f328',17,15,29,'eghtgr','2143543','北京 北京市 东城区 hut456','',NULL,0,'2022-04-14 15:23:29','2022-04-14 15:23:29'),
	 ('a78e18cf08b643ca9c083b472a779c04',13,15,29,'小美','12345671234','北京 北京市 东城区 hut 6栋223','好喝','',2,'2022-03-26 13:08:13','2022-04-10 05:07:22'),
	 ('a7ee17f2c51940629c3486c709f218d3',17,15,29,'刚子','19958585858','安徽省 合肥市 瑶海区 hut456','',NULL,0,'2022-04-14 14:44:21','2022-04-14 14:44:21'),
	 ('c66ad97d1b504df591a84405a90351cc',17,15,29,'刚子','19958585858','安徽省 合肥市 瑶海区 hut456','',NULL,0,'2022-04-14 14:39:59','2022-04-14 14:39:59'),
	 ('cf670056fdb34703b780d926ed37f7d1',17,15,29,'刚子','19958585858','安徽省 合肥市 瑶海区 hut456','',NULL,0,'2022-04-14 14:52:59','2022-04-14 14:52:59'),
	 ('d08f00ef6d7a4374b0230ef9ca47f480',17,15,29,'刚子','18949494305','吉林省 长春市 南关区 hut456','搞快，谢谢',NULL,0,'2022-04-14 14:35:42','2022-04-14 14:35:42'),
	 ('d1031cf3c680485bbb32196475bf2356',13,17,32,'小美','18812341234','湖南省 株洲市 天元区 hut123','我想把这玩意染成好看的',NULL,0,'2022-04-13 14:33:44','2022-04-13 14:33:44'),
	 ('de59a7a6716f456f92d7c70bd10c5e2f',17,15,29,'刚子','19958585858','安徽省 合肥市 瑶海区 hut456','',NULL,0,'2022-04-14 14:38:32','2022-04-14 14:38:32'),
	 ('fb49441c44b64c41aff14fe4b68d5325',20,22,35,'tom','18938338833','北京 北京市 东城区 hut123','',NULL,0,'2022-04-15 15:38:54','2022-04-15 15:38:54');INSERT INTO campusshop.person_info (name,gender,phone,email,head_portrait,create_time,last_edit_time,enable_status,user_type) VALUES
	 (NULL,NULL,NULL,NULL,NULL,'2021-03-04 19:05:32','2021-03-04 19:05:35',1,3),
	 (NULL,NULL,NULL,NULL,NULL,'2021-03-04 09:51:14','2022-04-09 12:22:38',1,2),
	 ('爱购物的小美','女','13465657878','maimaimai@qq.com','upload\\user\\13\\164560518157734320.jpg','2022-02-21 09:04:50','2022-04-09 02:35:36',1,1),
	 ('蜜雪冰城老板','男','12345678','22','upload\\user\\14\\164560391983745506.jpg','2022-02-21 09:13:18','2022-04-09 02:37:47',1,2),
	 ('我不是大老板','女','138776768989','456465@gmail.com','upload\\user\\15\\165000664483535786.jpg','2022-04-09 04:21:21','2022-04-09 04:22:31',1,2),
	 ('大老板','男','13456788765','123@163.com','upload\\user\\16\\164982046081380506.jpg','2022-04-09 04:21:46','2022-04-09 04:22:32',1,2),
	 ('小刚买买买','男','13871235454','123@qq.com','upload\\user\\17\\164983547830686719.jpg','2022-04-09 04:22:12','2022-04-09 04:22:33',1,1),
	 (NULL,NULL,NULL,NULL,NULL,'2022-04-13 15:34:37','2022-04-15 15:07:10',1,1),
	 (NULL,NULL,NULL,NULL,NULL,'2022-04-15 15:06:17','2022-04-15 15:07:08',1,1),
	 ('tom','男','13523457865','4231@qq.com','upload\\user\\20\\165000822586842512.jpg','2022-04-15 15:06:33','2022-04-15 15:07:07',1,1);INSERT INTO campusshop.product (product_name,product_desc,img_path,normal_price,promotion_price,priority,create_time,last_edit_time,enable_status,product_category_id,shop_id) VALUES
	 ('qq','ggg','upload\\thumbnail\\product\\15\\164768175594495652.jpg','3.0','1.0',1,'2022-03-19 09:22:36','2022-03-19 09:22:36',1,16,29),
	 ('洗剪吹','剪短剪短，不知道怎么减，选我','upload\\thumbnail\\product\\16\\164983130254522568.jpg','25.0','23.0',1,'2022-04-13 14:28:23','2022-04-13 14:28:23',1,17,32),
	 ('染头发','感受五彩斑斓的快乐','upload\\thumbnail\\product\\17\\164983138292068146.jpg','1888.0','188.0',2,'2022-04-13 14:29:43','2022-04-13 14:29:43',1,18,32),
	 ('Java开发','零基础，两月立拿offer','upload\\thumbnail\\product\\18\\165000290880853315.jpg','1888.0','999.0',1,'2022-04-15 14:08:29','2022-04-15 14:08:29',1,19,33),
	 ('前端速成','零基础，两月立拿offer','upload\\thumbnail\\product\\19\\165000297460177183.jpg','1888.0','998.0',1,'2022-04-15 14:09:35','2022-04-15 14:09:35',1,19,33),
	 ('99新iPhone13','好','upload\\thumbnail\\product\\20\\165000782295610183.jpg','6999.0','4888.0',1,'2022-04-15 15:30:23','2022-04-15 15:30:23',1,22,34),
	 ('戴尔电脑','这个也好','upload\\thumbnail\\product\\21\\165000791503115943.jpg','6666.0','5555.0',1,'2022-04-15 15:31:55','2022-04-15 15:31:55',1,23,34),
	 ('酒店惊魂','真不错','upload\\thumbnail\\product\\22\\165000806509637377.jpg','99.0','88.0',1,'2022-04-15 15:34:25','2022-04-15 15:34:25',1,25,35),
	 ('狼人杀3人','不错不错','upload\\thumbnail\\product\\23\\165000815061858583.jpg','44.0','41.0',1,'2022-04-15 15:35:51','2022-04-15 15:35:51',1,26,35);INSERT INTO campusshop.product_category (product_category_name,product_category_description,priority,create_time,last_edit_time,shop_id) VALUES
	 ('甜品','甜品',1,NULL,NULL,29),
	 ('普通','洗剪吹等基本服务',1,NULL,NULL,32),
	 ('进阶服务','染发，烫头等',2,NULL,NULL,32),
	 ('开发','开发岗位培训',5,NULL,'2022-04-15 14:06:58',33),
	 ('测试','测试岗位',2,NULL,NULL,33),
	 ('产品','产品岗位',3,NULL,NULL,33),
	 ('手机','二手手机交易',1,NULL,NULL,34),
	 ('电脑','二手电脑交易',2,NULL,NULL,34),
	 ('外设','二手外设交易',1,NULL,NULL,34),
	 ('剧本杀','沉浸式体验',1,NULL,NULL,35);
INSERT INTO campusshop.product_category (product_category_name,product_category_description,priority,create_time,last_edit_time,shop_id) VALUES
	 ('狼人杀','沉浸式体验',1,NULL,NULL,35);INSERT INTO campusshop.product_img (img_path,img_desc,priority,create_time,product_id,uuid) VALUES
	 ('1',NULL,NULL,NULL,14,'1'),
	 ('upload\\picture\\product\\15\\164768175596132221.jpg',NULL,NULL,'2022-03-19 09:22:36',15,'13ade69ca53b40a992bf7371c92f6c3b'),
	 ('upload\\picture\\product\\16\\164983130255091237.jpg',NULL,NULL,'2022-04-13 14:28:23',16,'77e2a6b9b28145998bf02c2ed6c17ac1'),
	 ('upload\\picture\\product\\17\\164983138292271187.jpg',NULL,NULL,'2022-04-13 14:29:43',17,'4d0dc171fd7242d585fc0306dbbd0fb0'),
	 ('upload\\picture\\product\\18\\165000290881299892.jpg',NULL,NULL,'2022-04-15 14:08:29',18,'73c153d50a4d4204a7c48c922db6845d'),
	 ('upload\\picture\\product\\19\\165000297460375892.jpg',NULL,NULL,'2022-04-15 14:09:35',19,'061d239b326c4a0694e2717b29e78bec'),
	 ('upload\\picture\\product\\20\\165000782295954254.jpg',NULL,NULL,'2022-04-15 15:30:23',20,'9c512d2f41f840d1b501196097fc29c8'),
	 ('upload\\picture\\product\\21\\165000791503347694.jpg',NULL,NULL,'2022-04-15 15:31:55',21,'f8043f1ef7f849dab6b3dba0e8c2b57c'),
	 ('upload\\picture\\product\\22\\165000806509822485.jpg',NULL,NULL,'2022-04-15 15:34:25',22,'89283c663670461fa7e3c5ab27b6d737'),
	 ('upload\\picture\\product\\23\\165000815062093018.jpg',NULL,NULL,'2022-04-15 15:35:51',23,'ced9f5bca1e24b24a87b53efffdf6719');INSERT INTO campusshop.shop (owner_id,area_id,shop_category_id,shop_name,shop_description,shop_address,phone,shop_img,priority,create_time,last_edit_time,enable_status,advice) VALUES
	 (14,3,3,'蜜雪冰城','甜蜜蜜','东苑一栋','12345678','upload\\thumbnail\\shop\\29\\164560399256480119.jpg',0,'2022-02-23 08:13:13','2022-04-09 08:06:00',1,NULL),
	 (14,4,1,'变废为宝','二手产品，变废为宝','南苑6栋8号门面','13412344321','upload\\thumbnail\\shop\\30\\164947543266112269.jpg',0,'2022-04-09 03:37:13','2022-04-09 03:37:47',1,NULL),
	 (16,3,6,'租手机','体验新手机的快乐','2栋6号','13456798765','upload\\thumbnail\\shop\\31\\164982065087657397.jpg',0,'2022-04-13 11:30:51','2022-04-13 11:33:01',1,NULL),
	 (16,4,2,'秀发小店','给你一头秀发','6号','18746764456','upload\\thumbnail\\shop\\32\\164982070657482449.jpg',0,'2022-04-13 11:31:47','2022-04-13 11:33:02',1,NULL),
	 (16,5,5,'java大师','速成Java，立拿offer','1号','19987678766','upload\\thumbnail\\shop\\33\\164982076917657247.jpg',0,'2022-04-13 11:32:49','2022-04-13 11:33:02',1,NULL),
	 (15,6,1,'找亮机','换手机上找亮机店铺','8栋8号','138756665656','upload\\thumbnail\\shop\\34\\165000674547150803.jpg',0,'2022-04-15 15:12:25','2022-04-15 15:14:13',1,NULL),
	 (15,5,4,'桌游大师','各种桌游欢迎同学们光顾','5栋12号','19834567865','upload\\thumbnail\\shop\\35\\165000683892960415.jpg',0,'2022-04-15 15:13:59','2022-04-15 15:14:14',1,NULL);INSERT INTO campusshop.shop_category (shop_category_name,shop_category_desc,shop_category_img,priority,create_time,last_edit_time,parent_id,uuid) VALUES
	 ('二手市场','二手商品交易','shopcategory/2017061223272255687.png',99,'2021-03-04 19:09:47','2021-03-04 19:09:49',NULL,'b592999e594f4ef68d5fd5b343a84c3e'),
	 ('美容美发','美容美发','shopcategory/2017061223273314635.png',99,'2021-03-04 19:46:46','2021-03-04 19:46:43',NULL,'774f84ae6df64f23b33e7a75ee1d3b8f'),
	 ('美食饮品','美食饮品','shopcategory/2017061223274213433.png',99,'2021-03-04 19:46:47','2021-03-04 19:46:44',NULL,'d558aa8671bc4d0289729653e00bcfb0'),
	 ('休闲娱乐','休闲娱乐','shopcategory/2017061223275121460.png',99,'2021-03-04 19:46:45','2021-03-04 19:46:45',NULL,'c37187f82925409ea9039ddebcffd9d6'),
	 ('培训教育','培训教育','shopcategory/2017061223280082147.png',99,'2021-03-04 19:47:33','2021-03-04 19:47:31',NULL,'6aafdce6692e45f48c9c6139c3e59a52'),
	 ('租赁市场','租赁市场','shopcategory/2017061223281361578.png',99,'2021-03-04 19:47:34','2021-03-04 19:47:32',NULL,'982ce5a4cd174405986042b92282db6e');